{"cameraMode":{"drawMode":0,"name":"Shaded","section":"Shading Mode"},"sceneLighting":true,"audioPlay":false,"sceneViewState":{"m_AlwaysRefresh":true,"showFog":true,"showSkybox":true,"showFlares":true,"showImageEffects":true,"showParticleSystems":true,"showVisualEffectGraphs":true,"m_FxEnabled":true},"in2DMode":false,"pivot":{"x":4.4301347732543949,"y":15.37183666229248,"z":26.578533172607423},"rotation":{"x":0.029886914417147638,"y":-0.0850624069571495,"z":0.0025525903329253198,"w":0.9959254860877991},"size":0.028820129111409189,"orthographic":true}