{"cameraMode":{"drawMode":0,"name":"Shaded","section":"Shading Mode"},"sceneLighting":false,"audioPlay":false,"sceneViewState":{"m_AlwaysRefresh":true,"showFog":true,"showSkybox":false,"showFlares":true,"showImageEffects":true,"showParticleSystems":true,"showVisualEffectGraphs":true,"m_FxEnabled":true},"in2DMode":false,"pivot":{"x":-0.5770200490951538,"y":-36.127376556396487,"z":-87.98136901855469},"rotation":{"x":0.0001792646653484553,"y":-0.9798704981803894,"z":0.19964955747127534,"w":0.0008795326575636864},"size":52.15012741088867,"orthographic":false}