{"cameraMode":{"drawMode":0,"name":"Shaded","section":"Shading Mode"},"sceneLighting":false,"audioPlay":false,"sceneViewState":{"m_AlwaysRefresh":true,"showFog":true,"showSkybox":false,"showFlares":true,"showImageEffects":true,"showParticleSystems":true,"showVisualEffectGraphs":true,"m_FxEnabled":true},"in2DMode":false,"pivot":{"x":0.6567230224609375,"y":8.485038757324219,"z":-20.834548950195314},"rotation":{"x":0.0001792646653484553,"y":-0.9798704981803894,"z":0.19964955747127534,"w":0.0008795326575636864},"size":13.497453689575196,"orthographic":false}